Step,Compound,Equiv,Volumes,Relative,Sol Recyc,Cost step,OPEX,Notes
1,Starting Material,1,,,,,,
1,Bromine ,1.5,,,,,,
1,Dichloromethane (DCM),,10,Starting Material,0.75,,,
1,Intermediate A,0.75,,,,1,,
,,,,,,,,
2,Intermediate A,1,,,,1,,
2,Sodium hydroxide,4,,,,,,
2,Water,,7,Intermediate A,0,,,
2,Intermediate B,0.55,,,,2,,
,,,,,,,,
3,Intermediate B,1,,,,2,,
3,Reagent C,1.2,,,,,,
3,Tetrahydrofuran (THF),,5,Intermediate B,0.75,,,
3,Product,0.92,,,,3,,
